,URL,Auction Number
462,https://www.bestnetleiloes.com/pt/leiloes/arte-contemporanea-603,603
13,https://www.bestnetleiloes.com/pt/leiloes/arte-contemporanea-602,602
95,https://www.bestnetleiloes.com/pt/leiloes/arte-contemporanea-601,601
478,https://www.bestnetleiloes.com/pt/leiloes/arte-contemporanea-600,600
331,https://www.bestnetleiloes.com/pt/leiloes/arte-contemporanea-599,599
374,https://www.bestnetleiloes.com/pt/leiloes/arte-contemporanea-598,598
521,https://www.bestnetleiloes.com/pt/leiloes/arte-contemporanea-597,597
387,https://www.bestnetleiloes.com/pt/leiloes/arte-contemporanea-596,596
309,https://www.bestnetleiloes.com/pt/leiloes/arte-contemporanea-595,595
455,https://www.bestnetleiloes.com/pt/leiloes/arte-contemporanea-594,594
28,https://www.bestnetleiloes.com/pt/leiloes/arte-contemporanea-593,593
426,https://www.bestnetleiloes.com/pt/leiloes/arte-contemporanea-592,592
370,https://www.bestnetleiloes.com/pt/leiloes/arte-contemporanea-591,591
427,https://www.bestnetleiloes.com/pt/leiloes/arte-contemporanea-590,590
169,https://www.bestnetleiloes.com/pt/leiloes/arte-contemporanea-589,589
56,https://www.bestnetleiloes.com/pt/leiloes/arte-contemporanea-588,588
514,https://www.bestnetleiloes.com/pt/leiloes/arte-contemporanea-587,587
111,https://www.bestnetleiloes.com/pt/leiloes/arte-contemporanea-586,586
74,https://www.bestnetleiloes.com/pt/leiloes/arte-contemporanea-585,585
294,https://www.bestnetleiloes.com/pt/leiloes/arte-contemporanea-584,584
505,https://www.bestnetleiloes.com/pt/leiloes/arte-contemporanea-583,583
241,https://www.bestnetleiloes.com/pt/leiloes/arte-contemporanea-582,582
548,https://www.bestnetleiloes.com/pt/leiloes/arte-contemporanea-581,581
216,https://www.bestnetleiloes.com/pt/leiloes/arte-contemporanea-580,580
267,https://www.bestnetleiloes.com/pt/leiloes/arte-contemporanea-579,579
252,https://www.bestnetleiloes.com/pt/leiloes/arte-contemporanea-578,578
18,https://www.bestnetleiloes.com/pt/leiloes/arte-contemporanea-577,577
429,https://www.bestnetleiloes.com/pt/leiloes/arte-contemporanea-576,576
407,https://www.bestnetleiloes.com/pt/leiloes/arte-contemporanea-575,575
333,https://www.bestnetleiloes.com/pt/leiloes/arte-contemporanea-574,574
412,https://www.bestnetleiloes.com/pt/leiloes/arte-contemporanea-573,573
5,https://www.bestnetleiloes.com/pt/leiloes/arte-contemporanea-572,572
57,https://www.bestnetleiloes.com/pt/leiloes/arte-contemporanea-571,571
201,https://www.bestnetleiloes.com/pt/leiloes/arte-contemporanea-570,570
29,https://www.bestnetleiloes.com/pt/leiloes/arte-contemporanea-569,569
474,https://www.bestnetleiloes.com/pt/leiloes/arte-contemporanea-568,568
424,https://www.bestnetleiloes.com/pt/leiloes/arte-contemporanea-567,567
430,https://www.bestnetleiloes.com/pt/leiloes/arte-contemporanea-566,566
125,https://www.bestnetleiloes.com/pt/leiloes/arte-contemporanea-565,565
61,https://www.bestnetleiloes.com/pt/leiloes/arte-contemporanea-564,564
476,https://www.bestnetleiloes.com/pt/leiloes/arte-contemporanea-563,563
577,https://www.bestnetleiloes.com/pt/leiloes/arte-contemporanea-562,562
571,https://www.bestnetleiloes.com/pt/leiloes/arte-contemporanea-561,561
202,https://www.bestnetleiloes.com/pt/leiloes/arte-contemporanea-560,560
490,https://www.bestnetleiloes.com/pt/leiloes/arte-contemporanea-559,559
276,https://www.bestnetleiloes.com/pt/leiloes/arte-contemporanea-558,558
108,https://www.bestnetleiloes.com/pt/leiloes/arte-contemporanea-557,557
466,https://www.bestnetleiloes.com/pt/leiloes/arte-contemporanea-556,556
75,https://www.bestnetleiloes.com/pt/leiloes/arte-contemporanea-555,555
320,https://www.bestnetleiloes.com/pt/leiloes/arte-contemporanea-554,554
21,https://www.bestnetleiloes.com/pt/leiloes/arte-contemporanea-553,553
282,https://www.bestnetleiloes.com/pt/leiloes/arte-contemporanea-552,552
453,https://www.bestnetleiloes.com/pt/leiloes/arte-contemporanea-551,551
172,https://www.bestnetleiloes.com/pt/leiloes/arte-contemporanea-550,550
576,https://www.bestnetleiloes.com/pt/leiloes/arte-contemporanea-549,549
256,https://www.bestnetleiloes.com/pt/leiloes/arte-contemporanea-548,548
165,https://www.bestnetleiloes.com/pt/leiloes/arte-contemporanea-547,547
190,https://www.bestnetleiloes.com/pt/leiloes/arte-contemporanea-546,546
300,https://www.bestnetleiloes.com/pt/leiloes/arte-contemporanea-545,545
439,https://www.bestnetleiloes.com/pt/leiloes/arte-contemporanea-544,544
19,https://www.bestnetleiloes.com/pt/leiloes/arte-contemporanea-543,543
259,https://www.bestnetleiloes.com/pt/leiloes/arte-contemporanea-542,542
395,https://www.bestnetleiloes.com/pt/leiloes/arte-contemporanea-541,541
278,https://www.bestnetleiloes.com/pt/leiloes/arte-contemporanea-540,540
31,https://www.bestnetleiloes.com/pt/leiloes/arte-contemporanea-539,539
338,https://www.bestnetleiloes.com/pt/leiloes/arte-contemporanea-538,538
262,https://www.bestnetleiloes.com/pt/leiloes/arte-contemporanea-537,537
322,https://www.bestnetleiloes.com/pt/leiloes/arte-contemporanea-536,536
54,https://www.bestnetleiloes.com/pt/leiloes/arte-contemporanea-535,535
176,https://www.bestnetleiloes.com/pt/leiloes/arte-contemporanea-534,534
345,https://www.bestnetleiloes.com/pt/leiloes/arte-contemporanea-533,533
344,https://www.bestnetleiloes.com/pt/leiloes/arte-contemporanea-532,532
79,https://www.bestnetleiloes.com/pt/leiloes/arte-contemporanea-531,531
226,https://www.bestnetleiloes.com/pt/leiloes/arte-contemporanea-530,530
542,https://www.bestnetleiloes.com/pt/leiloes/arte-contemporanea-529,529
539,https://www.bestnetleiloes.com/pt/leiloes/arte-contemporanea-528,528
289,https://www.bestnetleiloes.com/pt/leiloes/arte-contemporanea-527,527
287,https://www.bestnetleiloes.com/pt/leiloes/arte-contemporanea-526,526
274,https://www.bestnetleiloes.com/pt/leiloes/arte-contemporanea-525,525
152,https://www.bestnetleiloes.com/pt/leiloes/arte-contemporanea-524,524
401,https://www.bestnetleiloes.com/pt/leiloes/arte-contemporanea-523,523
324,https://www.bestnetleiloes.com/pt/leiloes/arte-contemporanea-521,521
510,https://www.bestnetleiloes.com/pt/leiloes/arte-contemporanea-520,520
574,https://www.bestnetleiloes.com/pt/leiloes/arte-contemporanea-519,519
454,https://www.bestnetleiloes.com/pt/leiloes/arte-contemporanea-518,518
228,https://www.bestnetleiloes.com/pt/leiloes/arte-contemporanea-517,517
283,https://www.bestnetleiloes.com/pt/leiloes/arte-contemporanea-516,516
293,https://www.bestnetleiloes.com/pt/leiloes/arte-contemporanea-515,515
566,https://www.bestnetleiloes.com/pt/leiloes/arte-contemporanea-514,514
219,https://www.bestnetleiloes.com/pt/leiloes/arte-contemporanea-513,513
137,https://www.bestnetleiloes.com/pt/leiloes/arte-contemporanea-512,512
473,https://www.bestnetleiloes.com/pt/leiloes/arte-contemporanea-511,511
10,https://www.bestnetleiloes.com/pt/leiloes/arte-contemporanea-510,510
317,https://www.bestnetleiloes.com/pt/leiloes/arte-contemporanea-509,509
33,https://www.bestnetleiloes.com/pt/leiloes/arte-contemporanea-508,508
351,https://www.bestnetleiloes.com/pt/leiloes/arte-contemporanea-507,507
266,https://www.bestnetleiloes.com/pt/leiloes/arte-contemporanea-506,506
414,https://www.bestnetleiloes.com/pt/leiloes/arte-contemporanea-505,505
96,https://www.bestnetleiloes.com/pt/leiloes/arte-contemporanea-504,504
409,https://www.bestnetleiloes.com/pt/leiloes/arte-contemporanea-503,503
115,https://www.bestnetleiloes.com/pt/leiloes/arte-contemporanea-502,502
494,https://www.bestnetleiloes.com/pt/leiloes/arte-contemporanea-501,501
403,https://www.bestnetleiloes.com/pt/leiloes/arte-contemporanea-500,500
66,https://www.bestnetleiloes.com/pt/leiloes/arte-contemporanea-499,499
105,https://www.bestnetleiloes.com/pt/leiloes/arte-contemporanea-498,498
413,https://www.bestnetleiloes.com/pt/leiloes/arte-contemporanea-497,497
245,https://www.bestnetleiloes.com/pt/leiloes/arte-contemporanea-496,496
485,https://www.bestnetleiloes.com/pt/leiloes/arte-contemporanea-495,495
509,https://www.bestnetleiloes.com/pt/leiloes/arte-contemporanea-494,494
234,https://www.bestnetleiloes.com/pt/leiloes/arte-contemporanea-493,493
306,https://www.bestnetleiloes.com/pt/leiloes/arte-contemporanea-492,492
153,https://www.bestnetleiloes.com/pt/leiloes/arte-contemporanea-491,491
513,https://www.bestnetleiloes.com/pt/leiloes/arte-contemporanea-490,490
170,https://www.bestnetleiloes.com/pt/leiloes/arte-contemporanea-489,489
238,https://www.bestnetleiloes.com/pt/leiloes/arte-contemporanea-488,488
126,https://www.bestnetleiloes.com/pt/leiloes/arte-contemporanea-487,487
34,https://www.bestnetleiloes.com/pt/leiloes/arte-contemporanea-486,486
546,https://www.bestnetleiloes.com/pt/leiloes/arte-contemporanea-485,485
572,https://www.bestnetleiloes.com/pt/leiloes/arte-contemporanea-484,484
247,https://www.bestnetleiloes.com/pt/leiloes/arte-contemporanea-483,483
578,https://www.bestnetleiloes.com/pt/leiloes/arte-contemporanea-482,482
516,https://www.bestnetleiloes.com/pt/leiloes/arte-contemporanea-481,481
517,https://www.bestnetleiloes.com/pt/leiloes/arte-contemporanea-480,480
120,https://www.bestnetleiloes.com/pt/leiloes/arte-contemporanea-479,479
49,https://www.bestnetleiloes.com/pt/leiloes/arte-contemporanea-478,478
486,https://www.bestnetleiloes.com/pt/leiloes/arte-contemporanea-477,477
227,https://www.bestnetleiloes.com/pt/leiloes/arte-contemporanea-476,476
483,https://www.bestnetleiloes.com/pt/leiloes/arte-contemporanea-475,475
489,https://www.bestnetleiloes.com/pt/leiloes/arte-contemporanea-474,474
394,https://www.bestnetleiloes.com/pt/leiloes/arte-contemporanea-473,473
534,https://www.bestnetleiloes.com/pt/leiloes/arte-contemporanea-472,472
298,https://www.bestnetleiloes.com/pt/leiloes/arte-contemporanea-471,471
55,https://www.bestnetleiloes.com/pt/leiloes/arte-contemporanea-470,470
80,https://www.bestnetleiloes.com/pt/leiloes/arte-contemporanea-469,469
139,https://www.bestnetleiloes.com/pt/leiloes/arte-contemporanea-468,468
222,https://www.bestnetleiloes.com/pt/leiloes/arte-contemporanea-467,467
132,https://www.bestnetleiloes.com/pt/leiloes/arte-contemporanea-466,466
14,https://www.bestnetleiloes.com/pt/leiloes/arte-contemporanea-465,465
171,https://www.bestnetleiloes.com/pt/leiloes/arte-contemporanea-464,464
442,https://www.bestnetleiloes.com/pt/leiloes/arte-contemporanea-463,463
104,https://www.bestnetleiloes.com/pt/leiloes/arte-contemporanea-462,462
460,https://www.bestnetleiloes.com/pt/leiloes/arte-contemporanea-461,461
449,https://www.bestnetleiloes.com/pt/leiloes/arte-contemporanea-460,460
396,https://www.bestnetleiloes.com/pt/leiloes/arte-contemporanea-459,459
191,https://www.bestnetleiloes.com/pt/leiloes/arte-contemporanea-458,458
159,https://www.bestnetleiloes.com/pt/leiloes/arte-contemporanea-457,457
451,https://www.bestnetleiloes.com/pt/leiloes/arte-contemporanea-456,456
326,https://www.bestnetleiloes.com/pt/leiloes/arte-contemporanea-455,455
63,https://www.bestnetleiloes.com/pt/leiloes/arte-contemporanea-454,454
269,https://www.bestnetleiloes.com/pt/leiloes/arte-contemporanea-453,453
192,https://www.bestnetleiloes.com/pt/leiloes/arte-contemporanea-452,452
475,https://www.bestnetleiloes.com/pt/leiloes/arte-contemporanea-451,451
158,https://www.bestnetleiloes.com/pt/leiloes/arte-contemporanea-450,450
580,https://www.bestnetleiloes.com/pt/leiloes/arte-contemporanea-449,449
459,https://www.bestnetleiloes.com/pt/leiloes/arte-contemporanea-448,448
194,https://www.bestnetleiloes.com/pt/leiloes/arte-contemporanea-447,447
508,https://www.bestnetleiloes.com/pt/leiloes/arte-contemporanea-446,446
323,https://www.bestnetleiloes.com/pt/leiloes/arte-contemporanea-445,445
367,https://www.bestnetleiloes.com/pt/leiloes/arte-contemporanea-444,444
488,https://www.bestnetleiloes.com/pt/leiloes/arte-contemporanea-443,443
525,https://www.bestnetleiloes.com/pt/leiloes/arte-contemporanea-442,442
355,https://www.bestnetleiloes.com/pt/leiloes/arte-contemporanea-441,441
214,https://www.bestnetleiloes.com/pt/leiloes/arte-contemporanea-440,440
444,https://www.bestnetleiloes.com/pt/leiloes/arte-contemporanea-439,439
341,https://www.bestnetleiloes.com/pt/leiloes/arte-contemporanea-438,438
523,https://www.bestnetleiloes.com/pt/leiloes/arte-contemporanea-437,437
168,https://www.bestnetleiloes.com/pt/leiloes/arte-contemporanea-436,436
518,https://www.bestnetleiloes.com/pt/leiloes/arte-contemporanea-435,435
467,https://www.bestnetleiloes.com/pt/leiloes/arte-contemporanea-434,434
106,https://www.bestnetleiloes.com/pt/leiloes/arte-contemporanea-433,433
161,https://www.bestnetleiloes.com/pt/leiloes/arte-contemporanea-432,432
352,https://www.bestnetleiloes.com/pt/leiloes/arte-contemporanea-431,431
264,https://www.bestnetleiloes.com/pt/leiloes/arte-contemporanea-430,430
343,https://www.bestnetleiloes.com/pt/leiloes/arte-contemporanea-429,429
471,https://www.bestnetleiloes.com/pt/leiloes/arte-contemporanea-428,428
564,https://www.bestnetleiloes.com/pt/leiloes/arte-contemporanea-427,427
133,https://www.bestnetleiloes.com/pt/leiloes/arte-contemporanea-426,426
431,https://www.bestnetleiloes.com/pt/leiloes/arte-contemporanea-425,425
372,https://www.bestnetleiloes.com/pt/leiloes/arte-contemporanea-424,424
480,https://www.bestnetleiloes.com/pt/leiloes/arte-contemporanea-423,423
363,https://www.bestnetleiloes.com/pt/leiloes/arte-contemporanea-422,422
187,https://www.bestnetleiloes.com/pt/leiloes/arte-contemporanea-421,421
313,https://www.bestnetleiloes.com/pt/leiloes/arte-contemporanea-420,420
385,https://www.bestnetleiloes.com/pt/leiloes/arte-contemporanea-419,419
246,https://www.bestnetleiloes.com/pt/leiloes/arte-contemporanea-418,418
188,https://www.bestnetleiloes.com/pt/leiloes/arte-contemporanea-417,417
482,https://www.bestnetleiloes.com/pt/leiloes/arte-contemporanea-416,416
32,https://www.bestnetleiloes.com/pt/leiloes/arte-contemporanea-415,415
277,https://www.bestnetleiloes.com/pt/leiloes/arte-contemporanea-414,414
327,https://www.bestnetleiloes.com/pt/leiloes/arte-contemporanea-413,413
560,https://www.bestnetleiloes.com/pt/leiloes/arte-contemporanea-412,412
342,https://www.bestnetleiloes.com/pt/leiloes/arte-contemporanea-411,411
119,https://www.bestnetleiloes.com/pt/leiloes/arte-contemporanea-410,410
149,https://www.bestnetleiloes.com/pt/leiloes/arte-contemporanea-409,409
97,https://www.bestnetleiloes.com/pt/leiloes/arte-contemporanea-408,408
195,https://www.bestnetleiloes.com/pt/leiloes/arte-contemporanea-407,407
90,https://www.bestnetleiloes.com/pt/leiloes/arte-contemporanea-406,406
116,https://www.bestnetleiloes.com/pt/leiloes/arte-contemporanea-405,405
50,https://www.bestnetleiloes.com/pt/leiloes/arte-contemporanea-404,404
203,https://www.bestnetleiloes.com/pt/leiloes/arte-contemporanea-403,403
567,https://www.bestnetleiloes.com/pt/leiloes/arte-contemporanea-402,402
121,https://www.bestnetleiloes.com/pt/leiloes/arte-contemporanea-401,401
1,https://www.bestnetleiloes.com/pt/leiloes/arte-contemporanea-400,400
386,https://www.bestnetleiloes.com/pt/leiloes/arte-contemporanea-399,399
378,https://www.bestnetleiloes.com/pt/leiloes/arte-contemporanea-398,398
307,https://www.bestnetleiloes.com/pt/leiloes/arte-contemporanea-397,397
220,https://www.bestnetleiloes.com/pt/leiloes/arte-contemporanea-396,396
318,https://www.bestnetleiloes.com/pt/leiloes/arte-contemporanea-395,395
257,https://www.bestnetleiloes.com/pt/leiloes/arte-contemporanea-394,394
336,https://www.bestnetleiloes.com/pt/leiloes/arte-contemporanea-393,393
402,https://www.bestnetleiloes.com/pt/leiloes/arte-contemporanea-392,392
321,https://www.bestnetleiloes.com/pt/leiloes/arte-contemporanea-391,391
47,https://www.bestnetleiloes.com/pt/leiloes/arte-contemporanea-390,390
441,https://www.bestnetleiloes.com/pt/leiloes/arte-contemporanea-389,389
117,https://www.bestnetleiloes.com/pt/leiloes/arte-contemporanea-388,388
284,https://www.bestnetleiloes.com/pt/leiloes/arte-contemporanea-387,387
249,https://www.bestnetleiloes.com/pt/leiloes/arte-contemporanea-386,386
109,https://www.bestnetleiloes.com/pt/leiloes/arte-contemporanea-385,385
570,https://www.bestnetleiloes.com/pt/leiloes/arte-contemporanea-384,384
118,https://www.bestnetleiloes.com/pt/leiloes/arte-contemporanea-383,383
383,https://www.bestnetleiloes.com/pt/leiloes/arte-contemporanea-382,382
93,https://www.bestnetleiloes.com/pt/leiloes/arte-contemporanea-381,381
199,https://www.bestnetleiloes.com/pt/leiloes/arte-contemporanea-380,380
557,https://www.bestnetleiloes.com/pt/leiloes/arte-contemporanea-379,379
522,https://www.bestnetleiloes.com/pt/leiloes/arte-contemporanea-378,378
520,https://www.bestnetleiloes.com/pt/leiloes/arte-contemporanea-377,377
136,https://www.bestnetleiloes.com/pt/leiloes/arte-contemporanea-376,376
240,https://www.bestnetleiloes.com/pt/leiloes/arte-contemporanea-375,375
353,https://www.bestnetleiloes.com/pt/leiloes/arte-contemporanea-374,374
554,https://www.bestnetleiloes.com/pt/leiloes/arte-contemporanea-373,373
533,https://www.bestnetleiloes.com/pt/leiloes/arte-contemporanea-372,372
23,https://www.bestnetleiloes.com/pt/leiloes/arte-contemporanea-371,371
52,https://www.bestnetleiloes.com/pt/leiloes/arte-contemporanea-370,370
48,https://www.bestnetleiloes.com/pt/leiloes/arte-contemporanea-369,369
193,https://www.bestnetleiloes.com/pt/leiloes/arte-contemporanea-368,368
88,https://www.bestnetleiloes.com/pt/leiloes/arte-contemporanea-367,367
39,https://www.bestnetleiloes.com/pt/leiloes/arte-contemporanea-366,366
452,https://www.bestnetleiloes.com/pt/leiloes/arte-contemporanea-365,365
281,https://www.bestnetleiloes.com/pt/leiloes/arte-contemporanea-364,364
308,https://www.bestnetleiloes.com/pt/leiloes/arte-contemporanea-363,363
16,https://www.bestnetleiloes.com/pt/leiloes/arte-contemporanea-362,362
290,https://www.bestnetleiloes.com/pt/leiloes/arte-contemporanea-361,361
568,https://www.bestnetleiloes.com/pt/leiloes/arte-contemporanea-360,360
312,https://www.bestnetleiloes.com/pt/leiloes/arte-contemporanea-359,359
102,https://www.bestnetleiloes.com/pt/leiloes/arte-contemporanea-358,358
354,https://www.bestnetleiloes.com/pt/leiloes/arte-contemporanea-357,357
438,https://www.bestnetleiloes.com/pt/leiloes/arte-contemporanea-356,356
565,https://www.bestnetleiloes.com/pt/leiloes/arte-contemporanea-355,355
550,https://www.bestnetleiloes.com/pt/leiloes/arte-contemporanea-354,354
416,https://www.bestnetleiloes.com/pt/leiloes/arte-contemporanea-353,353
450,https://www.bestnetleiloes.com/pt/leiloes/arte-contemporanea-352,352
186,https://www.bestnetleiloes.com/pt/leiloes/arte-contemporanea-351,351
155,https://www.bestnetleiloes.com/pt/leiloes/arte-contemporanea-350,350
432,https://www.bestnetleiloes.com/pt/leiloes/arte-contemporanea-349,349
561,https://www.bestnetleiloes.com/pt/leiloes/arte-contemporanea-348,348
503,https://www.bestnetleiloes.com/pt/leiloes/arte-contemporanea-347,347
243,https://www.bestnetleiloes.com/pt/leiloes/arte-contemporanea-346,346
162,https://www.bestnetleiloes.com/pt/leiloes/arte-contemporanea-345,345
530,https://www.bestnetleiloes.com/pt/leiloes/arte-contemporanea-344,344
366,https://www.bestnetleiloes.com/pt/leiloes/arte-contemporanea-343,343
2,https://www.bestnetleiloes.com/pt/leiloes/arte-contemporanea-342,342
279,https://www.bestnetleiloes.com/pt/leiloes/arte-contemporanea-341,341
310,https://www.bestnetleiloes.com/pt/leiloes/arte-contemporanea-340,340
85,https://www.bestnetleiloes.com/pt/leiloes/arte-contemporanea-339,339
248,https://www.bestnetleiloes.com/pt/leiloes/arte-contemporanea-338,338
185,https://www.bestnetleiloes.com/pt/leiloes/arte-contemporanea-337,337
445,https://www.bestnetleiloes.com/pt/leiloes/arte-contemporanea-336,336
166,https://www.bestnetleiloes.com/pt/leiloes/arte-contemporanea-335,335
251,https://www.bestnetleiloes.com/pt/leiloes/arte-contemporanea-334,334
361,https://www.bestnetleiloes.com/pt/leiloes/arte-contemporanea-333,333
392,https://www.bestnetleiloes.com/pt/leiloes/arte-contemporanea-332,332
151,https://www.bestnetleiloes.com/pt/leiloes/arte-contemporanea-331,331
291,https://www.bestnetleiloes.com/pt/leiloes/arte-contemporanea-330,330
211,https://www.bestnetleiloes.com/pt/leiloes/arte-contemporanea-329,329
22,https://www.bestnetleiloes.com/pt/leiloes/arte-contemporanea-328,328
200,https://www.bestnetleiloes.com/pt/leiloes/arte-contemporanea-327,327
288,https://www.bestnetleiloes.com/pt/leiloes/arte-contemporanea-326,326
53,https://www.bestnetleiloes.com/pt/leiloes/arte-contemporanea-325,325
433,https://www.bestnetleiloes.com/pt/leiloes/arte-contemporanea-324,324
512,https://www.bestnetleiloes.com/pt/leiloes/arte-contemporanea-323,323
209,https://www.bestnetleiloes.com/pt/leiloes/arte-contemporanea-322,322
64,https://www.bestnetleiloes.com/pt/leiloes/arte-contemporanea-321,321
328,https://www.bestnetleiloes.com/pt/leiloes/arte-contemporanea-320,320
69,https://www.bestnetleiloes.com/pt/leiloes/arte-contemporanea-319,319
446,https://www.bestnetleiloes.com/pt/leiloes/arte-contemporanea-318,318
399,https://www.bestnetleiloes.com/pt/leiloes/arte-contemporanea-317,317
6,https://www.bestnetleiloes.com/pt/leiloes/arte-contemporanea-316,316
373,https://www.bestnetleiloes.com/pt/leiloes/arte-contemporanea-315,315
461,https://www.bestnetleiloes.com/pt/leiloes/arte-contemporanea-314,314
297,https://www.bestnetleiloes.com/pt/leiloes/arte-contemporanea-313,313
526,https://www.bestnetleiloes.com/pt/leiloes/arte-contemporanea-312,312
235,https://www.bestnetleiloes.com/pt/leiloes/arte-contemporanea-311,311
46,https://www.bestnetleiloes.com/pt/leiloes/arte-contemporanea-310,310
420,https://www.bestnetleiloes.com/pt/leiloes/arte-contemporanea-309,309
391,https://www.bestnetleiloes.com/pt/leiloes/arte-contemporanea-308,308
496,https://www.bestnetleiloes.com/pt/leiloes/arte-contemporanea-307,307
397,https://www.bestnetleiloes.com/pt/leiloes/arte-contemporanea-306,306
465,https://www.bestnetleiloes.com/pt/leiloes/arte-contemporanea-305,305
435,https://www.bestnetleiloes.com/pt/leiloes/arte-contemporanea-304,304
173,https://www.bestnetleiloes.com/pt/leiloes/arte-contemporanea-303,303
223,https://www.bestnetleiloes.com/pt/leiloes/arte-contemporanea-302,302
502,https://www.bestnetleiloes.com/pt/leiloes/arte-contemporanea-301,301
101,https://www.bestnetleiloes.com/pt/leiloes/arte-contemporanea-300,300
329,https://www.bestnetleiloes.com/pt/leiloes/arte-contemporanea-299,299
35,https://www.bestnetleiloes.com/pt/leiloes/arte-contemporanea-298,298
208,https://www.bestnetleiloes.com/pt/leiloes/arte-contemporanea-297,297
40,https://www.bestnetleiloes.com/pt/leiloes/arte-contemporanea-296,296
94,https://www.bestnetleiloes.com/pt/leiloes/arte-contemporanea-295,295
258,https://www.bestnetleiloes.com/pt/leiloes/arte-contemporanea-294,294
144,https://www.bestnetleiloes.com/pt/leiloes/arte-contemporanea-293,293
470,https://www.bestnetleiloes.com/pt/leiloes/arte-contemporanea-292,292
456,https://www.bestnetleiloes.com/pt/leiloes/arte-contemporanea-291,291
380,https://www.bestnetleiloes.com/pt/leiloes/arte-contemporanea-290,290
265,https://www.bestnetleiloes.com/pt/leiloes/arte-contemporanea-289,289
311,https://www.bestnetleiloes.com/pt/leiloes/arte-contemporanea-288,288
524,https://www.bestnetleiloes.com/pt/leiloes/arte-contemporanea-287,287
167,https://www.bestnetleiloes.com/pt/leiloes/arte-contemporanea-286,286
280,https://www.bestnetleiloes.com/pt/leiloes/arte-contemporanea-285,285
112,https://www.bestnetleiloes.com/pt/leiloes/arte-contemporanea-284,284
150,https://www.bestnetleiloes.com/pt/leiloes/arte-contemporanea-283,283
76,https://www.bestnetleiloes.com/pt/leiloes/arte-contemporanea-282,282
145,https://www.bestnetleiloes.com/pt/leiloes/arte-contemporanea-281,281
303,https://www.bestnetleiloes.com/pt/leiloes/arte-contemporanea-280,280
582,https://www.bestnetleiloes.com/pt/leiloes/arte-contemporanea-279,279
428,https://www.bestnetleiloes.com/pt/leiloes/arte-contemporanea-277,277
174,https://www.bestnetleiloes.com/pt/leiloes/arte-contemporanea-276,276
65,https://www.bestnetleiloes.com/pt/leiloes/arte-contemporanea-275,275
406,https://www.bestnetleiloes.com/pt/leiloes/arte-contemporanea-274,274
379,https://www.bestnetleiloes.com/pt/leiloes/arte-contemporanea-273,273
400,https://www.bestnetleiloes.com/pt/leiloes/arte-contemporanea-272,272
215,https://www.bestnetleiloes.com/pt/leiloes/arte-contemporanea-270,270
579,https://www.bestnetleiloes.com/pt/leiloes/arte-contemporanea-269,269
350,https://www.bestnetleiloes.com/pt/leiloes/arte-contemporanea-268,268
547,https://www.bestnetleiloes.com/pt/leiloes/arte-contemporanea-267,267
62,https://www.bestnetleiloes.com/pt/leiloes/arte-contemporanea-266,266
340,https://www.bestnetleiloes.com/pt/leiloes/arte-contemporanea-265,265
36,https://www.bestnetleiloes.com/pt/leiloes/arte-contemporanea-264,264
425,https://www.bestnetleiloes.com/pt/leiloes/arte-contemporanea-263,263
492,https://www.bestnetleiloes.com/pt/leiloes/arte-contemporanea-262,262
239,https://www.bestnetleiloes.com/pt/leiloes/arte-contemporanea-261,261
206,https://www.bestnetleiloes.com/pt/leiloes/arte-contemporanea-260,260
389,https://www.bestnetleiloes.com/pt/leiloes/arte-contemporanea-259,259
405,https://www.bestnetleiloes.com/pt/leiloes/arte-contemporanea-258,258
295,https://www.bestnetleiloes.com/pt/leiloes/arte-contemporanea-257,257
11,https://www.bestnetleiloes.com/pt/leiloes/arte-contemporanea-256,256
357,https://www.bestnetleiloes.com/pt/leiloes/arte-contemporanea-255,255
182,https://www.bestnetleiloes.com/pt/leiloes/arte-contemporanea-254,254
491,https://www.bestnetleiloes.com/pt/leiloes/arte-contemporanea-253,253
348,https://www.bestnetleiloes.com/pt/leiloes/arte-contemporanea-252,252
275,https://www.bestnetleiloes.com/pt/leiloes/arte-contemporanea-251,251
72,https://www.bestnetleiloes.com/pt/leiloes/arte-contemporanea-250,250
154,https://www.bestnetleiloes.com/pt/leiloes/arte-contemporanea-249,249
371,https://www.bestnetleiloes.com/pt/leiloes/arte-contemporanea-248,248
408,https://www.bestnetleiloes.com/pt/leiloes/arte-contemporanea-247,247
377,https://www.bestnetleiloes.com/pt/leiloes/arte-contemporanea-246,246
254,https://www.bestnetleiloes.com/pt/leiloes/arte-contemporanea-245,245
138,https://www.bestnetleiloes.com/pt/leiloes/arte-contemporanea-244,244
51,https://www.bestnetleiloes.com/pt/leiloes/arte-contemporanea-243,243
213,https://www.bestnetleiloes.com/pt/leiloes/arte-contemporanea-242,242
183,https://www.bestnetleiloes.com/pt/leiloes/arte-contemporanea-241,241
242,https://www.bestnetleiloes.com/pt/leiloes/arte-contemporanea-240,240
127,https://www.bestnetleiloes.com/pt/leiloes/arte-contemporanea-239,239
472,https://www.bestnetleiloes.com/pt/leiloes/arte-contemporanea-238,238
545,https://www.bestnetleiloes.com/pt/leiloes/arte-contemporanea-237,237
24,https://www.bestnetleiloes.com/pt/leiloes/arte-contemporanea-236,236
493,https://www.bestnetleiloes.com/pt/leiloes/arte-contemporanea-235,235
381,https://www.bestnetleiloes.com/pt/leiloes/arte-contemporanea-234,234
107,https://www.bestnetleiloes.com/pt/leiloes/arte-contemporanea-233,233
540,https://www.bestnetleiloes.com/pt/leiloes/arte-contemporanea-232,232
528,https://www.bestnetleiloes.com/pt/leiloes/arte-contemporanea-231,231
538,https://www.bestnetleiloes.com/pt/leiloes/arte-contemporanea-230,230
477,https://www.bestnetleiloes.com/pt/leiloes/arte-contemporanea-229,229
42,https://www.bestnetleiloes.com/pt/leiloes/arte-contemporanea-228,228
140,https://www.bestnetleiloes.com/pt/leiloes/arte-contemporanea-227,227
484,https://www.bestnetleiloes.com/pt/leiloes/arte-contemporanea-226,226
230,https://www.bestnetleiloes.com/pt/leiloes/arte-contemporanea-225,225
390,https://www.bestnetleiloes.com/pt/leiloes/arte-contemporanea-224,224
217,https://www.bestnetleiloes.com/pt/leiloes/arte-contemporanea-223,223
305,https://www.bestnetleiloes.com/pt/leiloes/arte-contemporanea-222,222
233,https://www.bestnetleiloes.com/pt/leiloes/arte-contemporanea-221,221
581,https://www.bestnetleiloes.com/pt/leiloes/arte-contemporanea-220,220
286,https://www.bestnetleiloes.com/pt/leiloes/arte-contemporanea-219,219
272,https://www.bestnetleiloes.com/pt/leiloes/arte-contemporanea-218,218
358,https://www.bestnetleiloes.com/pt/leiloes/arte-contemporanea-217,217
569,https://www.bestnetleiloes.com/pt/leiloes/arte-contemporanea-216,216
434,https://www.bestnetleiloes.com/pt/leiloes/arte-contemporanea-215,215
263,https://www.bestnetleiloes.com/pt/leiloes/arte-contemporanea-214,214
541,https://www.bestnetleiloes.com/pt/leiloes/arte-contemporanea-213,213
411,https://www.bestnetleiloes.com/pt/leiloes/arte-contemporanea-212,212
421,https://www.bestnetleiloes.com/pt/leiloes/arte-contemporanea-211,211
91,https://www.bestnetleiloes.com/pt/leiloes/arte-contemporanea-210,210
458,https://www.bestnetleiloes.com/pt/leiloes/arte-contemporanea-209,209
26,https://www.bestnetleiloes.com/pt/leiloes/arte-contemporanea-208,208
71,https://www.bestnetleiloes.com/pt/leiloes/arte-contemporanea-207,207
457,https://www.bestnetleiloes.com/pt/leiloes/arte-contemporanea-206,206
114,https://www.bestnetleiloes.com/pt/leiloes/arte-contemporanea-205,205
146,https://www.bestnetleiloes.com/pt/leiloes/arte-contemporanea-204,204
479,https://www.bestnetleiloes.com/pt/leiloes/arte-contemporanea-203,203
237,https://www.bestnetleiloes.com/pt/leiloes/arte-contemporanea-202,202
142,https://www.bestnetleiloes.com/pt/leiloes/arte-contemporanea-201,201
404,https://www.bestnetleiloes.com/pt/leiloes/arte-contemporanea-200,200
157,https://www.bestnetleiloes.com/pt/leiloes/arte-contemporanea-199,199
296,https://www.bestnetleiloes.com/pt/leiloes/arte-contemporanea-198,198
481,https://www.bestnetleiloes.com/pt/leiloes/arte-contemporanea-197,197
384,https://www.bestnetleiloes.com/pt/leiloes/arte-contemporanea-195,195
221,https://www.bestnetleiloes.com/pt/leiloes/arte-contemporanea-194,194
148,https://www.bestnetleiloes.com/pt/leiloes/arte-contemporanea-193,193
544,https://www.bestnetleiloes.com/pt/leiloes/arte-contemporanea-192,192
552,https://www.bestnetleiloes.com/pt/leiloes/arte-contemporanea-191,191
89,https://www.bestnetleiloes.com/pt/leiloes/arte-contemporanea-190,190
86,https://www.bestnetleiloes.com/pt/leiloes/arte-contemporanea-189,189
553,https://www.bestnetleiloes.com/pt/leiloes/arte-contemporanea-188,188
495,https://www.bestnetleiloes.com/pt/leiloes/arte-contemporanea-187,187
9,https://www.bestnetleiloes.com/pt/leiloes/arte-contemporanea-186,186
314,https://www.bestnetleiloes.com/pt/leiloes/arte-contemporanea-185,185
536,https://www.bestnetleiloes.com/pt/leiloes/arte-contemporanea-184,184
98,https://www.bestnetleiloes.com/pt/leiloes/arte-contemporanea-181,181
558,https://www.bestnetleiloes.com/pt/leiloes/arte-contemporanea-179,179
337,https://www.bestnetleiloes.com/pt/leiloes/arte-contemporanea-172,172
68,https://www.bestnetleiloes.com/pt/leiloes/arte-contemporanea-171,171
204,https://www.bestnetleiloes.com/pt/leiloes/arte-contemporanea-170,170
447,https://www.bestnetleiloes.com/pt/leiloes/arte-contemporanea-169,169
181,https://www.bestnetleiloes.com/pt/leiloes/arte-contemporanea-168,168
315,https://www.bestnetleiloes.com/pt/leiloes/arte-contemporanea-166,166
527,https://www.bestnetleiloes.com/pt/leiloes/arte-contemporanea-165,165
218,https://www.bestnetleiloes.com/pt/leiloes/arte-contemporanea-164,164
511,https://www.bestnetleiloes.com/pt/leiloes/arte-contemporanea-163,163
128,https://www.bestnetleiloes.com/pt/leiloes/arte-contemporanea-162,162
359,https://www.bestnetleiloes.com/pt/leiloes/arte-contemporanea-161,161
178,https://www.bestnetleiloes.com/pt/leiloes/arte-contemporanea-160,160
84,https://www.bestnetleiloes.com/pt/leiloes/arte-contemporanea-159,159
270,https://www.bestnetleiloes.com/pt/leiloes/arte-contemporanea-158,158
562,https://www.bestnetleiloes.com/pt/leiloes/arte-contemporanea-156,156
506,https://www.bestnetleiloes.com/pt/leiloes/arte-contemporanea-155,155
143,https://www.bestnetleiloes.com/pt/leiloes/arte-contemporanea-154,154
244,https://www.bestnetleiloes.com/pt/leiloes/arte-contemporanea-153,153
59,https://www.bestnetleiloes.com/pt/leiloes/arte-contemporanea-152,152
253,https://www.bestnetleiloes.com/pt/leiloes/arte-contemporanea-151,151
419,https://www.bestnetleiloes.com/pt/leiloes/arte-contemporanea-150,150
515,https://www.bestnetleiloes.com/pt/leiloes/arte-contemporanea-149,149
27,https://www.bestnetleiloes.com/pt/leiloes/arte-contemporanea-148,148
487,https://www.bestnetleiloes.com/pt/leiloes/arte-contemporanea-147,147
422,https://www.bestnetleiloes.com/pt/leiloes/arte-contemporanea-146,146
499,https://www.bestnetleiloes.com/pt/leiloes/arte-contemporanea-145,145
232,https://www.bestnetleiloes.com/pt/leiloes/arte-contemporanea-144,144
302,https://www.bestnetleiloes.com/pt/leiloes/arte-contemporanea-143,143
0,https://www.bestnetleiloes.com/pt/leiloes/arte-contemporanea-142,142
17,https://www.bestnetleiloes.com/pt/leiloes/arte-contemporanea-141,141
30,https://www.bestnetleiloes.com/pt/leiloes/arte-contemporanea-140,140
196,https://www.bestnetleiloes.com/pt/leiloes/arte-contemporanea-139,139
440,https://www.bestnetleiloes.com/pt/leiloes/arte-contemporanea-138,138
375,https://www.bestnetleiloes.com/pt/leiloes/arte-contemporanea-137,137
443,https://www.bestnetleiloes.com/pt/leiloes/arte-contemporanea-136,136
575,https://www.bestnetleiloes.com/pt/leiloes/arte-contemporanea-135,135
43,https://www.bestnetleiloes.com/pt/leiloes/arte-contemporanea-134,134
160,https://www.bestnetleiloes.com/pt/leiloes/arte-contemporanea-133,133
87,https://www.bestnetleiloes.com/pt/leiloes/arte-contemporanea-132,132
325,https://www.bestnetleiloes.com/pt/leiloes/arte-contemporanea-131,131
129,https://www.bestnetleiloes.com/pt/leiloes/arte-contemporanea-130,130
346,https://www.bestnetleiloes.com/pt/leiloes/arte-contemporanea-129,129
4,https://www.bestnetleiloes.com/pt/leiloes/arte-contemporanea-128,128
229,https://www.bestnetleiloes.com/pt/leiloes/arte-contemporanea-127,127
393,https://www.bestnetleiloes.com/pt/leiloes/arte-contemporanea-126,126
134,https://www.bestnetleiloes.com/pt/leiloes/arte-contemporanea-125,125
207,https://www.bestnetleiloes.com/pt/leiloes/arte-contemporanea-124,124
175,https://www.bestnetleiloes.com/pt/leiloes/arte-contemporanea-123,123
299,https://www.bestnetleiloes.com/pt/leiloes/arte-contemporanea-122,122
356,https://www.bestnetleiloes.com/pt/leiloes/arte-contemporanea-121,121
549,https://www.bestnetleiloes.com/pt/leiloes/arte-contemporanea-120,120
551,https://www.bestnetleiloes.com/pt/leiloes/arte-contemporanea-119,119
60,https://www.bestnetleiloes.com/pt/leiloes/arte-contemporanea-118,118
500,https://www.bestnetleiloes.com/pt/leiloes/arte-contemporanea-117,117
15,https://www.bestnetleiloes.com/pt/leiloes/arte-contemporanea-116,116
212,https://www.bestnetleiloes.com/pt/leiloes/arte-contemporanea-115,115
531,https://www.bestnetleiloes.com/pt/leiloes/arte-contemporanea-114,114
7,https://www.bestnetleiloes.com/pt/leiloes/arte-contemporanea-113,113
507,https://www.bestnetleiloes.com/pt/leiloes/arte-contemporanea-112,112
535,https://www.bestnetleiloes.com/pt/leiloes/arte-contemporanea-111,111
349,https://www.bestnetleiloes.com/pt/leiloes/arte-contemporanea-110,110
163,https://www.bestnetleiloes.com/pt/leiloes/arte-contemporanea-109,109
563,https://www.bestnetleiloes.com/pt/leiloes/arte-contemporanea-108,108
463,https://www.bestnetleiloes.com/pt/leiloes/arte-contemporanea-107,107
292,https://www.bestnetleiloes.com/pt/leiloes/arte-contemporanea-106,106
250,https://www.bestnetleiloes.com/pt/leiloes/arte-contemporanea-105,105
124,https://www.bestnetleiloes.com/pt/leiloes/arte-contemporanea-104,104
25,https://www.bestnetleiloes.com/pt/leiloes/arte-contemporanea-103,103
360,https://www.bestnetleiloes.com/pt/leiloes/arte-contemporanea-102,102
398,https://www.bestnetleiloes.com/pt/leiloes/arte-contemporanea-101,101
330,https://www.bestnetleiloes.com/pt/leiloes/arte-contemporanea-100,100
135,https://www.bestnetleiloes.com/pt/leiloes/arte-contemporanea-99,99
543,https://www.bestnetleiloes.com/pt/leiloes/arte-contemporanea-98,98
41,https://www.bestnetleiloes.com/pt/leiloes/arte-contemporanea-97,97
532,https://www.bestnetleiloes.com/pt/leiloes/arte-contemporanea-96,96
362,https://www.bestnetleiloes.com/pt/leiloes/arte-contemporanea-95,95
83,https://www.bestnetleiloes.com/pt/leiloes/arte-contemporanea-94,94
364,https://www.bestnetleiloes.com/pt/leiloes/arte-contemporanea-93,93
141,https://www.bestnetleiloes.com/pt/leiloes/arte-contemporanea-92,92
189,https://www.bestnetleiloes.com/pt/leiloes/arte-contemporanea-91,91
224,https://www.bestnetleiloes.com/pt/leiloes/arte-contemporanea-90,90
77,https://www.bestnetleiloes.com/pt/leiloes/arte-contemporanea-89,89
156,https://www.bestnetleiloes.com/pt/leiloes/arte-contemporanea-88,88
12,https://www.bestnetleiloes.com/pt/leiloes/arte-contemporanea-87,87
334,https://www.bestnetleiloes.com/pt/leiloes/arte-contemporanea-86,86
44,https://www.bestnetleiloes.com/pt/leiloes/arte-contemporanea-85,85
147,https://www.bestnetleiloes.com/pt/leiloes/arte-contemporanea-84,84
497,https://www.bestnetleiloes.com/pt/leiloes/arte-contemporanea-83,83
583,https://www.bestnetleiloes.com/pt/leiloes/arte-contemporanea-82,82
99,https://www.bestnetleiloes.com/pt/leiloes/arte-contemporanea-81,81
184,https://www.bestnetleiloes.com/pt/leiloes/arte-contemporanea-80,80
368,https://www.bestnetleiloes.com/pt/leiloes/arte-contemporanea-79,79
573,https://www.bestnetleiloes.com/pt/leiloes/arte-contemporanea-78,78
3,https://www.bestnetleiloes.com/pt/leiloes/arte-contemporanea-77,77
110,https://www.bestnetleiloes.com/pt/leiloes/arte-contemporanea-76,76
468,https://www.bestnetleiloes.com/pt/leiloes/arte-contemporanea-75,75
123,https://www.bestnetleiloes.com/pt/leiloes/arte-contemporanea-74,74
130,https://www.bestnetleiloes.com/pt/leiloes/arte-contemporanea-73,73
38,https://www.bestnetleiloes.com/pt/leiloes/arte-contemporanea-72,72
519,https://www.bestnetleiloes.com/pt/leiloes/arte-contemporanea-71,71
177,https://www.bestnetleiloes.com/pt/leiloes/arte-contemporanea-70,70
8,https://www.bestnetleiloes.com/pt/leiloes/arte-contemporanea-69,69
131,https://www.bestnetleiloes.com/pt/leiloes/arte-contemporanea-68,68
339,https://www.bestnetleiloes.com/pt/leiloes/arte-contemporanea-67,67
67,https://www.bestnetleiloes.com/pt/leiloes/arte-contemporanea-66,66
100,https://www.bestnetleiloes.com/pt/leiloes/arte-contemporanea-65,65
410,https://www.bestnetleiloes.com/pt/leiloes/arte-contemporanea-64,64
236,https://www.bestnetleiloes.com/pt/leiloes/arte-contemporanea-63,63
81,https://www.bestnetleiloes.com/pt/leiloes/arte-contemporanea-62,62
388,https://www.bestnetleiloes.com/pt/leiloes/arte-contemporanea-61,61
301,https://www.bestnetleiloes.com/pt/leiloes/arte-contemporanea-60,60
376,https://www.bestnetleiloes.com/pt/leiloes/arte-contemporanea-59,59
559,https://www.bestnetleiloes.com/pt/leiloes/arte-contemporanea-58,58
469,https://www.bestnetleiloes.com/pt/leiloes/arte-contemporanea-57,57
37,https://www.bestnetleiloes.com/pt/leiloes/arte-contemporanea-56,56
225,https://www.bestnetleiloes.com/pt/leiloes/arte-contemporanea-55,55
556,https://www.bestnetleiloes.com/pt/leiloes/arte-contemporanea-54,54
415,https://www.bestnetleiloes.com/pt/leiloes/arte-contemporanea-53,53
197,https://www.bestnetleiloes.com/pt/leiloes/arte-contemporanea-52,52
92,https://www.bestnetleiloes.com/pt/leiloes/arte-contemporanea-51,51
58,https://www.bestnetleiloes.com/pt/leiloes/arte-contemporanea-50,50
285,https://www.bestnetleiloes.com/pt/leiloes/arte-contemporanea-49,49
20,https://www.bestnetleiloes.com/pt/leiloes/arte-contemporanea-48,48
332,https://www.bestnetleiloes.com/pt/leiloes/arte-contemporanea-47,47
417,https://www.bestnetleiloes.com/pt/leiloes/arte-contemporanea-46,46
268,https://www.bestnetleiloes.com/pt/leiloes/arte-contemporanea-45,45
436,https://www.bestnetleiloes.com/pt/leiloes/arte-contemporanea-44,44
365,https://www.bestnetleiloes.com/pt/leiloes/arte-contemporanea-43,43
347,https://www.bestnetleiloes.com/pt/leiloes/arte-contemporanea-42,42
260,https://www.bestnetleiloes.com/pt/leiloes/arte-contemporanea-41,41
369,https://www.bestnetleiloes.com/pt/leiloes/arte-contemporanea-40,40
382,https://www.bestnetleiloes.com/pt/leiloes/arte-contemporanea-39,39
316,https://www.bestnetleiloes.com/pt/leiloes/arte-contemporanea-38,38
179,https://www.bestnetleiloes.com/pt/leiloes/arte-contemporanea-37,37
255,https://www.bestnetleiloes.com/pt/leiloes/arte-contemporanea-35,35
529,https://www.bestnetleiloes.com/pt/leiloes/arte-contemporanea-34,34
504,https://www.bestnetleiloes.com/pt/leiloes/arte-contemporanea-33,33
78,https://www.bestnetleiloes.com/pt/leiloes/arte-contemporanea-32,32
501,https://www.bestnetleiloes.com/pt/leiloes/arte-contemporanea-31,31
273,https://www.bestnetleiloes.com/pt/leiloes/arte-contemporanea-30,30
70,https://www.bestnetleiloes.com/pt/leiloes/arte-contemporanea-28,28
304,https://www.bestnetleiloes.com/pt/leiloes/arte-contemporanea-27,27
437,https://www.bestnetleiloes.com/pt/leiloes/arte-contemporanea-26,26
82,https://www.bestnetleiloes.com/pt/leiloes/arte-contemporanea-25,25
122,https://www.bestnetleiloes.com/pt/leiloes/arte-contemporanea-23,23
423,https://www.bestnetleiloes.com/pt/leiloes/arte-contemporanea-22,22
261,https://www.bestnetleiloes.com/pt/leiloes/arte-contemporanea-21,21
418,https://www.bestnetleiloes.com/pt/leiloes/arte-contemporanea-20,20
498,https://www.bestnetleiloes.com/pt/leiloes/arte-contemporanea-19,19
180,https://www.bestnetleiloes.com/pt/leiloes/arte-contemporanea-18,18
537,https://www.bestnetleiloes.com/pt/leiloes/arte-contemporanea-17,17
335,https://www.bestnetleiloes.com/pt/leiloes/arte-contemporanea-16,16
448,https://www.bestnetleiloes.com/pt/leiloes/arte-contemporanea-15,15
205,https://www.bestnetleiloes.com/pt/leiloes/arte-contemporanea-14,14
198,https://www.bestnetleiloes.com/pt/leiloes/arte-contemporanea-13,13
231,https://www.bestnetleiloes.com/pt/leiloes/arte-contemporanea-12,12
464,https://www.bestnetleiloes.com/pt/leiloes/arte-contemporanea-11,11
45,https://www.bestnetleiloes.com/pt/leiloes/arte-contemporanea-10,10
271,https://www.bestnetleiloes.com/pt/leiloes/arte-contemporanea-9,9
73,https://www.bestnetleiloes.com/pt/leiloes/arte-contemporanea-8,8
103,https://www.bestnetleiloes.com/pt/leiloes/arte-contemporanea-7,7
113,https://www.bestnetleiloes.com/pt/leiloes/arte-contemporanea-6,6
210,https://www.bestnetleiloes.com/pt/leiloes/arte-contemporanea-5,5
319,https://www.bestnetleiloes.com/pt/leiloes/arte-contemporanea-4,4
164,https://www.bestnetleiloes.com/pt/leiloes/arte-contemporanea-3,3
555,https://www.bestnetleiloes.com/pt/leiloes/arte-contemporanea-2,2
